Country,TemperatureChange
Afghanistan,-0.010608887520525462
Armenia,-0.00956516587677726
Cyprus,-0.0058384009009009
Isle Of Man,-0.001476033834586462
Libya,-0.002300675675675683
New Caledonia,-0.0016963141025640948
South Georgia And The South Sandwich Isla,-0.005761088709677416
